inc_number,occurred_on,ucr_crime_category,100_block_addr,zip,premise_type,year,month,day_name,hour
201700001603695,2015-11-01 00:00:00,RAPE,3800 W CAMELBACK RD,85019,HOSPITAL,2015.0,11.0,Sunday,0.0
201600000527709,2015-11-01 00:00:00,LARCENY-THEFT,3300 W CAMELBACK RD,85017,PARKING LOT,2015.0,11.0,Sunday,0.0
201500002168686,2015-11-01 00:00:00,LARCENY-THEFT,1400 E HIGHLAND AVE,85014,PARKING LOT,2015.0,11.0,Sunday,0.0
201500002101405,2015-11-01 00:00:00,MOTOR VEHICLE THEFT,10200 W MEDLOCK AVE,85307,SINGLE FAMILY HOUSE,2015.0,11.0,Sunday,0.0
201700001722914,2015-11-01 00:00:00,LARCENY-THEFT,27900 N 23RD LN,85085,SINGLE FAMILY HOUSE,2015.0,11.0,Sunday,0.0
201500002102327,2015-11-01 00:00:00,LARCENY-THEFT,5100 N 15TH ST,85014,APARTMENT,2015.0,11.0,Sunday,0.0
201600000594484,2015-11-01 00:00:00,RAPE,1300 E ALMERIA RD,85006,SINGLE FAMILY HOUSE,2015.0,11.0,Sunday,0.0
201500002103724,2015-11-01 00:00:00,DRUG OFFENSE,5400 W INDIAN SCHOOL RD,85031,APARTMENT,2015.0,11.0,Sunday,0.0
201500002102668,2015-11-01 00:00:00,MOTOR VEHICLE THEFT,6900 W WOOD ST,85043,SINGLE FAMILY HOUSE,2015.0,11.0,Sunday,0.0
201600000052855,2015-11-01 00:00:00,MOTOR VEHICLE THEFT,N 43RD AVE & W CACTUS RD,85029,SINGLE FAMILY HOUSE,2015.0,11.0,Sunday,0.0
201500002102467,2015-11-01 00:01:00,LARCENY-THEFT,6500 N 17TH AVE,85015,VEHICLE,2015.0,11.0,Sunday,0.0
201500002334281,2015-11-01 00:01:00,MOTOR VEHICLE THEFT,1700 W DESERT COVE AVE,85029,PARKING LOT,2015.0,11.0,Sunday,0.0
201500002102481,2015-11-01 00:01:00,LARCENY-THEFT,8800 N BLACK CANYON FWY,85051,HOTEL / MOTEL,2015.0,11.0,Sunday,0.0
201500002326780,2015-11-01 00:01:00,BURGLARY,600 W BEVERLY LN,85023,SINGLE FAMILY HOUSE,2015.0,11.0,Sunday,0.0
201600000223791,2015-11-01 00:01:00,BURGLARY,4000 E MCDOWELL RD,85008,STOREROOM/SHED (COMMERCIAL),2015.0,11.0,Sunday,0.0
201500002102534,2015-11-01 00:01:00,BURGLARY,3800 W HOLLY ST,85009,SINGLE FAMILY HOUSE,2015.0,11.0,Sunday,0.0
201500002391368,2015-11-01 00:01:00,LARCENY-THEFT,4300 E CORTEZ ST,85028,SINGLE FAMILY HOUSE,2015.0,11.0,Sunday,0.0
201600000575804,2015-11-01 00:01:00,LARCENY-THEFT,4600 W FREMONT RD,85339,SINGLE FAMILY HOUSE,2015.0,11.0,Sunday,0.0
201500002147335,2015-11-01 00:01:00,LARCENY-THEFT,11000 N 35TH AVE,85029,VEHICLE,2015.0,11.0,Sunday,0.0
201600000623876,2015-11-01 00:01:00,LARCENY-THEFT,20200 N 6TH DR,85027,SINGLE FAMILY HOUSE,2015.0,11.0,Sunday,0.0
201500002371588,2015-11-01 00:01:00,LARCENY-THEFT,3500 E PINCHOT AVE,85018,HOSPITAL,2015.0,11.0,Sunday,0.0
201600000042041,2015-11-01 00:01:00,MOTOR VEHICLE THEFT,4800 E DESERT COVE AVE,85254,CONDO / TOWNHOUSE,2015.0,11.0,Sunday,0.0
201600002077992,2015-11-01 00:01:00,LARCENY-THEFT,2500 W AUGUSTA AVE,85051,PARKING LOT,2015.0,11.0,Sunday,0.0
201600000090387,2015-11-01 00:01:00,LARCENY-THEFT,19600 N 6TH PL,85024,SINGLE FAMILY HOUSE,2015.0,11.0,Sunday,0.0
201500002100158,2015-11-01 00:05:00,MOTOR VEHICLE THEFT,2800 W CAMELBACK RD,85017,CONVENIENCE MARKET / STORE,2015.0,11.0,Sunday,0.0
201500002101675,2015-11-01 00:30:00,LARCENY-THEFT,4200 E WESTERN STAR BLVD,85044,DRIVEWAY,2015.0,11.0,Sunday,0.0
201500002103050,2015-11-01 01:00:00,LARCENY-THEFT,4600 W MCDOWELL RD,85035,VEHICLE,2015.0,11.0,Sunday,1.0
201500002103663,2015-11-01 01:00:00,LARCENY-THEFT,2100 W DARREL RD,85041,SINGLE FAMILY HOUSE,2015.0,11.0,Sunday,1.0
201500002119698,2015-11-01 01:30:00,LARCENY-THEFT,7100 N 33RD AVE,85051,SINGLE FAMILY HOUSE,2015.0,11.0,Sunday,1.0
201500002101758,2015-11-01 01:45:00,MOTOR VEHICLE THEFT,200 W FILLMORE ST,85003,PARKING LOT,2015.0,11.0,Sunday,1.0
201510000015577,2015-11-01 02:00:00,AGGRAVATED ASSAULT,5000 E THOMAS RD,85018,RESTAURANT,2015.0,11.0,Sunday,2.0
201500002101185,2015-11-01 02:00:00,MOTOR VEHICLE THEFT,3500 E AMBERWOOD DR,85048,SINGLE FAMILY HOUSE,2015.0,11.0,Sunday,2.0
201500002105677,2015-11-01 02:00:00,AGGRAVATED ASSAULT,4100 N 51ST AVE,85031,RESTAURANT,2015.0,11.0,Sunday,2.0
201500002103448,2015-11-01 02:00:00,MOTOR VEHICLE THEFT,8500 W MIAMI ST,85353,STREET / ROADWAY / ALLEY / SIDEWALK,2015.0,11.0,Sunday,2.0
201500002100875,2015-11-01 02:38:00,BURGLARY,900 E INDIAN SCHOOL RD,85014,FAST FOOD STORE,2015.0,11.0,Sunday,2.0
201500002117393,2015-11-01 03:00:00,MOTOR VEHICLE THEFT,1700 E MCLELLAN BLVD,85016,SINGLE FAMILY HOUSE,2015.0,11.0,Sunday,3.0
201500002102927,2015-11-01 04:00:00,LARCENY-THEFT,17600 N 7TH ST,85022,APARTMENT,2015.0,11.0,Sunday,4.0
201500002133436,2015-11-01 04:00:00,RAPE,7600 W WHITTON AVE,85033,SINGLE FAMILY HOUSE,2015.0,11.0,Sunday,4.0
201500002101067,2015-11-01 04:12:00,MURDER AND NON-NEGLIGENT MANSLAUGHTER,00 N 67TH AVE,85043,FENCED COMMERCIAL YARD,2015.0,11.0,Sunday,4.0
201500002101137,2015-11-01 04:14:00,ROBBERY,13800 S 44TH ST,85044,STREET / ROADWAY / ALLEY / SIDEWALK,2015.0,11.0,Sunday,4.0
201500002101134,2015-11-01 04:25:00,BURGLARY,2200 E BROADWAY RD,85040,RESTAURANT,2015.0,11.0,Sunday,4.0
201500002126247,2015-11-01 05:00:00,BURGLARY,1700 W DESERT COVE AVE,85029,APARTMENT,2015.0,11.0,Sunday,5.0
201500002101284,2015-11-01 05:38:00,MOTOR VEHICLE THEFT,8700 S 47TH LN,85339,STREET / ROADWAY / ALLEY / SIDEWALK,2015.0,11.0,Sunday,5.0
201500002277994,2015-11-01 06:00:00,BURGLARY,2700 W NORTHERN AVE,85051,STOREROOM/SHED (COMMERCIAL),2015.0,11.0,Sunday,6.0
201600000127791,2015-11-01 06:00:00,LARCENY-THEFT,2100 E VIRGINIA AVE,85006,SCHOOL-ELEMENTARY/SECONDARY,2015.0,11.0,Sunday,6.0
201500002101372,2015-11-01 06:10:00,AGGRAVATED ASSAULT,4200 N 12TH ST,85014,PARKING LOT,2015.0,11.0,Sunday,6.0
201500002104197,2015-11-01 06:53:00,BURGLARY,3000 W PARKSIDE LN,85027,SINGLE FAMILY HOUSE,2015.0,11.0,Sunday,6.0
201500002101524,2015-11-01 07:29:00,LARCENY-THEFT,1800 W BELL RD,85023,GROCERY / SUPER MARKET,2015.0,11.0,Sunday,7.0
201500002101564,2015-11-01 07:40:00,LARCENY-THEFT,3400 W DUNLAP AVE,85051,RETAIL BUSINESS,2015.0,11.0,Sunday,7.0
201500002102369,2015-11-01 07:50:00,LARCENY-THEFT,3400 N 23RD AVE,85015,SINGLE FAMILY HOUSE,2015.0,11.0,Sunday,7.0
201500002302045,2015-11-01 08:00:00,LARCENY-THEFT,3200 W LINCOLN ST,85009,GAS / SERVICE STATION,2015.0,11.0,Sunday,8.0
201600000034740,2015-11-01 08:00:00,MOTOR VEHICLE THEFT,2500 W AUGUSTA AVE,85051,FENCED RESIDENTIAL YARD,2015.0,11.0,Sunday,8.0
201500002101781,2015-11-01 08:00:00,MOTOR VEHICLE THEFT,1600 W MCDOWELL RD,85007,PARKING LOT,2015.0,11.0,Sunday,8.0
201500002161714,2015-11-01 08:00:00,BURGLARY,4300 N 66TH DR,85033,SINGLE FAMILY HOUSE,2015.0,11.0,Sunday,8.0
201500002332817,2015-11-01 08:00:00,LARCENY-THEFT,500 N 40TH AVE,85009,PARKING LOT,2015.0,11.0,Sunday,8.0
201500002105056,2015-11-01 09:00:00,BURGLARY,2700 E BRILL ST,85008,SINGLE FAMILY HOUSE,2015.0,11.0,Sunday,9.0
201500002108029,2015-11-01 09:00:00,RAPE,4200 W MULBERRY DR,85019,SINGLE FAMILY HOUSE,2015.0,11.0,Sunday,9.0
201500002403298,2015-11-01 09:00:00,BURGLARY,14800 S 25TH PL,85048,SINGLE FAMILY HOUSE,2015.0,11.0,Sunday,9.0
201580008946,2015-11-01 09:14:00,BURGLARY,4700 W HARWELL RD,85339,SINGLE FAMILY HOUSING,2015.0,11.0,Sunday,9.0
201500002101936,2015-11-01 09:43:00,DRUG OFFENSE,900 S 17TH AVE,85007,APARTMENT,2015.0,11.0,Sunday,9.0
201500002101993,2015-11-01 09:52:00,DRUG OFFENSE,4200 N 72ND LN,85033,STREET / ROADWAY / ALLEY / SIDEWALK,2015.0,11.0,Sunday,9.0
201600001563987,2015-11-01 10:00:00,LARCENY-THEFT,100 E ELWOOD ST,85040,UNKNOWN,2015.0,11.0,Sunday,10.0
201500002102655,2015-11-01 10:00:00,LARCENY-THEFT,2700 E BEARDSLEY RD,85050,PARK / PLAYGROUND,2015.0,11.0,Sunday,10.0
201600000410761,2015-11-01 10:00:00,RAPE,6800 W INDIAN SCHOOL RD,85033,SINGLE FAMILY HOUSE,2015.0,11.0,Sunday,10.0
201510000015520,2015-11-01 10:00:00,LARCENY-THEFT,9400 N BLACK CANYON AC,85051,HOTEL / MOTEL,2015.0,11.0,Sunday,10.0
201500002102199,2015-11-01 10:08:00,LARCENY-THEFT,16800 N TATUM BLVD,85254,RETAIL BUSINESS,2015.0,11.0,Sunday,10.0
201500002116892,2015-11-01 10:30:00,BURGLARY,5100 N 99TH AVE,85307,APARTMENT,2015.0,11.0,Sunday,10.0
201500002102864,2015-11-01 11:35:00,LARCENY-THEFT,13600 N SCOTTSDALE RD,85254,RETAIL BUSINESS,2015.0,11.0,Sunday,11.0
201500002103331,2015-11-01 11:43:00,LARCENY-THEFT,300 E JEFFERSON ST,85004,BAR / LOUNG / NIGHT CLUB,2015.0,11.0,Sunday,11.0
201500002104405,2015-11-01 12:00:00,MOTOR VEHICLE THEFT,3600 N 35TH AVE,85017,OFFICE / COMMERCIAL BUILDING,2015.0,11.0,Sunday,12.0
201500002109064,2015-11-01 12:00:00,MOTOR VEHICLE THEFT,4700 N BLACK CANYON AC,85015,APARTMENT,2015.0,11.0,Sunday,12.0
201900000171681,2015-11-01 12:00:00,RAPE,2300 W GRAND AVE,85009,OFFICE / COMMERCIAL BUILDING,2015.0,11.0,Sunday,12.0
201500002103253,2015-11-01 12:00:00,BURGLARY,1800 E EARLL DR,85016,SINGLE FAMILY HOUSE,2015.0,11.0,Sunday,12.0
201600000632985,2015-11-01 12:00:00,MOTOR VEHICLE THEFT,3400 N 27TH AVE,85017,RETAIL BUSINESS,2015.0,11.0,Sunday,12.0
201600000795753,2015-11-01 12:00:00,BURGLARY,11200 N 19TH AVE,85029,RETAIL BUSINESS,2015.0,11.0,Sunday,12.0
201600000205695,2015-11-01 12:00:00,LARCENY-THEFT,1700 E MCDOWELL RD,85006,PARKING LOT,2015.0,11.0,Sunday,12.0
201600000348340,2015-11-01 12:00:00,LARCENY-THEFT,3800 S 103RD LN,85353,SINGLE FAMILY HOUSE,2015.0,11.0,Sunday,12.0
201500002125823,2015-11-01 12:00:00,BURGLARY,11600 N TATUM BLVD,85028,CONDO / TOWNHOUSE,2015.0,11.0,Sunday,12.0
201500002203195,2015-11-01 12:00:00,LARCENY-THEFT,5400 E DEER VALLEY DR,85054,PARKING LOT,2015.0,11.0,Sunday,12.0
201500002102704,2015-11-01 12:02:00,AGGRAVATED ASSAULT,6900 E CHAUNCEY LN,85054,APARTMENT,2015.0,11.0,Sunday,12.0
201500002102781,2015-11-01 12:15:00,LARCENY-THEFT,2800 W MELVIN ST,85009,APARTMENT,2015.0,11.0,Sunday,12.0
201500002102808,2015-11-01 12:22:00,MOTOR VEHICLE THEFT,2800 E TRACY LN,85032,STREET / ROADWAY / ALLEY / SIDEWALK,2015.0,11.0,Sunday,12.0
201500002103318,2015-11-01 13:00:00,AGGRAVATED ASSAULT,3600 W GARFIELD ST,85009,STREET / ROADWAY / ALLEY / SIDEWALK,2015.0,11.0,Sunday,13.0
201500002261382,2015-11-01 13:00:00,LARCENY-THEFT,2500 W NORTHERN AVE,85051,DEPARTMENT / DISCOUNT STORE,2015.0,11.0,Sunday,13.0
201500002111865,2015-11-01 13:00:00,LARCENY-THEFT,300 W MARIPOSA ST,85013,APARTMENT,2015.0,11.0,Sunday,13.0
201500002105071,2015-11-01 13:00:00,LARCENY-THEFT,2500 W NOVAK WAY,85041,BAR / LOUNG / NIGHT CLUB,2015.0,11.0,Sunday,13.0
201500002341015,2015-11-01 13:00:00,MOTOR VEHICLE THEFT,2700 E OLD TOWER RD,85034,AIRPORT,2015.0,11.0,Sunday,13.0
201500002103035,2015-11-01 13:02:00,LARCENY-THEFT,4500 E THOMAS RD,85008,RETAIL BUSINESS,2015.0,11.0,Sunday,13.0
201500002106910,2015-11-01 13:30:00,BURGLARY,6400 W MCDOWELL RD,85043,APARTMENT,2015.0,11.0,Sunday,13.0
201500002103199,2015-11-01 13:33:00,ROBBERY,6000 S CENTRAL AVE,85042,STREET / ROADWAY / ALLEY / SIDEWALK,2015.0,11.0,Sunday,13.0
201500002103290,2015-11-01 13:52:00,LARCENY-THEFT,2000 N 75TH AVE,85035,RETAIL BUSINESS,2015.0,11.0,Sunday,13.0
201600002341895,2015-11-01 14:00:00,MOTOR VEHICLE THEFT,1000 N 24TH PL,85008,GARAGE,2015.0,11.0,Sunday,14.0
201500002104174,2015-11-01 14:00:00,AGGRAVATED ASSAULT,1600 N 27TH AVE,85009,CONVENIENCE MARKET / STORE,2015.0,11.0,Sunday,14.0
201500002101754,2015-11-01 14:00:00,LARCENY-THEFT,8900 N 22ND AVE,85021,SINGLE FAMILY HOUSE,2015.0,11.0,Sunday,14.0
201500002109090,2015-11-01 14:00:00,LARCENY-THEFT,100 E OCOTILLO RD,85012,STREET / ROADWAY / ALLEY / SIDEWALK,2015.0,11.0,Sunday,14.0
201500002103380,2015-11-01 14:07:00,LARCENY-THEFT,3400 W BELL RD,85053,SPECIALTY STORE,2015.0,11.0,Sunday,14.0
201500002103583,2015-11-01 14:39:00,LARCENY-THEFT,5100 W MCDOWELL RD,85035,GROCERY / SUPER MARKET,2015.0,11.0,Sunday,14.0
201500002103625,2015-11-01 14:48:00,AGGRAVATED ASSAULT,2600 N 73RD GLN,85035,OPEN SPACE / DESERT,2015.0,11.0,Sunday,14.0
201500002104549,2015-11-01 15:00:00,LARCENY-THEFT,1800 W BELL RD,85023,PARKING LOT,2015.0,11.0,Sunday,15.0
201500002137996,2015-11-01 15:00:00,LARCENY-THEFT,1100 E DESERT DR,85042,SINGLE FAMILY HOUSE,2015.0,11.0,Sunday,15.0
201500002125373,2015-11-01 15:00:00,MOTOR VEHICLE THEFT,1000 W TONOPAH DR,85027,SINGLE FAMILY HOUSE,2015.0,11.0,Sunday,15.0
201500002321743,2015-11-01 15:00:00,BURGLARY,18400 N 35TH AVE,85053,RENTAL STORAGE / FACILITY,2015.0,11.0,Sunday,15.0
201500002104692,2015-11-01 15:00:00,LARCENY-THEFT,4000 E CHANDLER BLVD,85048,SINGLE FAMILY HOUSE,2015.0,11.0,Sunday,15.0
201500002107898,2015-11-01 15:00:00,MOTOR VEHICLE THEFT,4100 S 4TH ST,85040,PARK / PLAYGROUND,2015.0,11.0,Sunday,15.0
201500002104032,2015-11-01 15:00:00,AGGRAVATED ASSAULT,4000 W ENCANTO BLVD,85009,SINGLE FAMILY HOUSE,2015.0,11.0,Sunday,15.0
201500002109584,2015-11-01 15:00:00,LARCENY-THEFT,2600 W UNION HILLS DR,85027,HOTEL / MOTEL,2015.0,11.0,Sunday,15.0
201500002103725,2015-11-01 15:06:00,AGGRAVATED ASSAULT,4300 W BELL RD,85308,STREET / ROADWAY / ALLEY / SIDEWALK,2015.0,11.0,Sunday,15.0
201500002103777,2015-11-01 15:09:00,LARCENY-THEFT,4200 S 48TH ST,85040,RETAIL BUSINESS,2015.0,11.0,Sunday,15.0
201500002103776,2015-11-01 15:12:00,LARCENY-THEFT,4200 W MCDOWELL RD,85009,GROCERY / SUPER MARKET,2015.0,11.0,Sunday,15.0
201500002104454,2015-11-01 15:30:00,LARCENY-THEFT,7400 W VIRGINIA AVE,85035,DEPARTMENT / DISCOUNT STORE,2015.0,11.0,Sunday,15.0
201500002134840,2015-11-01 15:35:00,LARCENY-THEFT,4100 W ADAMS ST,85009,OFFICE / COMMERCIAL BUILDING,2015.0,11.0,Sunday,15.0
201500002104200,2015-11-01 15:48:00,DRUG OFFENSE,1800 W ADAMS ST,85007,VEHICLE,2015.0,11.0,Sunday,15.0
201500002104772,2015-11-01 16:00:00,LARCENY-THEFT,3200 E CAMELBACK RD,85018,OTHER,2015.0,11.0,Sunday,16.0
201500002103711,2015-11-01 16:00:00,MOTOR VEHICLE THEFT,3700 N 12TH ST,85014,STREET / ROADWAY / ALLEY / SIDEWALK,2015.0,11.0,Sunday,16.0
201500002104115,2015-11-01 16:05:00,LARCENY-THEFT,9000 S CENTRAL AVE,85041,CONVENIENCE MARKET / STORE,2015.0,11.0,Sunday,16.0
201500002104138,2015-11-01 16:10:00,DRUG OFFENSE,300 W BELL RD,85023,RETAIL BUSINESS,2015.0,11.0,Sunday,16.0
201580008756,2015-11-01 16:23:00,LARCENY-THEFT,15400 N CAVE CREEK RD,85032,PARKING LOT,2015.0,11.0,Sunday,16.0
201500002024630,2015-11-01 16:30:00,LARCENY-THEFT,2500 W GREENWAY RD,85023,STREET / ROADWAY / ALLEY / SIDEWALK,2015.0,11.0,Sunday,16.0
201500002220184,2015-11-01 16:30:00,LARCENY-THEFT,4100 W BLUEFIELD AVE,85308,VEHICLE,2015.0,11.0,Sunday,16.0
201500002106290,2015-11-01 17:00:00,AGGRAVATED ASSAULT,3300 W POLK ST,85009,VEHICLE,2015.0,11.0,Sunday,17.0
201500002105223,2015-11-01 17:00:00,ROBBERY,35000 N NORTH VALLEY PKWY,85086,SPECIALTY STORE,2015.0,11.0,Sunday,17.0
201500002108056,2015-11-01 17:00:00,LARCENY-THEFT,4200 S 36TH PL,85040,OTHER,2015.0,11.0,Sunday,17.0
201600000477561,2015-11-01 17:00:00,LARCENY-THEFT,3800 E SKY HARBOR BLVD,85034,AIRPORT,2015.0,11.0,Sunday,17.0
201600000016379,2015-11-01 17:00:00,BURGLARY,4000 W SHANGRI LA RD,85029,,2015.0,11.0,Sunday,17.0
201500002104541,2015-11-01 17:10:00,LARCENY-THEFT,1600 E ROOSEVELT ST,85006,GROCERY / SUPER MARKET,2015.0,11.0,Sunday,17.0
201500002104559,2015-11-01 17:16:00,BURGLARY,7000 N 7TH AVE,85021,SINGLE FAMILY HOUSE,2015.0,11.0,Sunday,17.0
201500002108024,2015-11-01 17:30:00,LARCENY-THEFT,1600 W BURGESS LN,85041,DRIVEWAY,2015.0,11.0,Sunday,17.0
201500002104674,2015-11-01 17:37:00,LARCENY-THEFT,1700 W BELL RD,85023,RETAIL BUSINESS,2015.0,11.0,Sunday,17.0
201500002104722,2015-11-01 17:43:00,LARCENY-THEFT,5500 N 35TH AVE,85019,APARTMENT,2015.0,11.0,Sunday,17.0
201500002108346,2015-11-01 18:00:00,LARCENY-THEFT,17400 N 19TH AVE,85023,PARKING LOT,2015.0,11.0,Sunday,18.0
201500002107615,2015-11-01 18:00:00,LARCENY-THEFT,7200 W DEVONSHIRE AVE,85033,SINGLE FAMILY HOUSE,2015.0,11.0,Sunday,18.0
201500002104959,2015-11-01 18:00:00,LARCENY-THEFT,5200 W INDIAN SCHOOL RD,85031,RETAIL BUSINESS,2015.0,11.0,Sunday,18.0
201500002104973,2015-11-01 18:00:00,LARCENY-THEFT,1800 W BELL RD,85023,RETAIL BUSINESS,2015.0,11.0,Sunday,18.0
201500002105044,2015-11-01 18:00:00,LARCENY-THEFT,3800 E BASELINE RD,85042,APARTMENT,2015.0,11.0,Sunday,18.0
201500002104957,2015-11-01 18:08:00,AGGRAVATED ASSAULT,4300 W CLARENDON AVE,85031,SINGLE FAMILY HOUSE,2015.0,11.0,Sunday,18.0
201500002105981,2015-11-01 19:00:00,LARCENY-THEFT,4000 W WONDERVIEW RD,85019,CONDO / TOWNHOUSE,2015.0,11.0,Sunday,19.0
201500002054192,2015-11-01 19:00:00,MOTOR VEHICLE THEFT,2500 W BEAUTIFUL LN,85041,STREET / ROADWAY / ALLEY / SIDEWALK,2015.0,11.0,Sunday,19.0
201500002107930,2015-11-01 19:00:00,LARCENY-THEFT,10300 W ATLANTIS WAY,85353,STREET / ROADWAY / ALLEY / SIDEWALK,2015.0,11.0,Sunday,19.0
201500002107735,2015-11-01 19:30:00,LARCENY-THEFT,500 W EL CAMINO DR,85021,VEHICLE,2015.0,11.0,Sunday,19.0
201500002105434,2015-11-01 19:32:00,LARCENY-THEFT,4700 E RAY RD,85044,RETAIL BUSINESS,2015.0,11.0,Sunday,19.0
201500002106299,2015-11-01 20:00:00,LARCENY-THEFT,18400 N 19TH AVE,85023,GROCERY / SUPER MARKET,2015.0,11.0,Sunday,20.0
201500002107572,2015-11-01 20:00:00,LARCENY-THEFT,2100 N 39TH DR,85009,SINGLE FAMILY HOUSE,2015.0,11.0,Sunday,20.0
201500002107940,2015-11-01 20:00:00,LARCENY-THEFT,5600 S 32ND ST,85040,APARTMENT,2015.0,11.0,Sunday,20.0
201500002105614,2015-11-01 20:08:00,AGGRAVATED ASSAULT,3100 S 87TH DR,85353,SINGLE FAMILY HOUSE,2015.0,11.0,Sunday,20.0
201500002105650,2015-11-01 20:13:00,BURGLARY,12200 S 35TH ST,85044,SINGLE FAMILY HOUSE,2015.0,11.0,Sunday,20.0
201500002105900,2015-11-01 20:35:00,LARCENY-THEFT,5200 W INDIAN SCHOOL RD,85031,RETAIL BUSINESS,2015.0,11.0,Sunday,20.0
201500002106185,2015-11-01 20:40:00,MOTOR VEHICLE THEFT,6200 W THOMAS RD,85035,APARTMENT,2015.0,11.0,Sunday,20.0
201500002105849,2015-11-01 20:46:00,AGGRAVATED ASSAULT,4800 W VERDE LN,85031,STREET / ROADWAY / ALLEY / SIDEWALK,2015.0,11.0,Sunday,20.0
201500002118996,2015-11-01 21:00:00,MOTOR VEHICLE THEFT,2100 W FLOWER ST,85015,PARKING LOT,2015.0,11.0,Sunday,21.0
201500002106138,2015-11-01 21:00:00,ROBBERY,2400 E VAN BUREN ST,85008,STREET / ROADWAY / ALLEY / SIDEWALK,2015.0,11.0,Sunday,21.0
201500002167489,2015-11-01 21:00:00,AGGRAVATED ASSAULT,3600 E VAN BUREN ST,85008,APARTMENT,2015.0,11.0,Sunday,21.0
201500002105953,2015-11-01 21:06:00,DRUG OFFENSE,10200 N METRO PKWY W,85051,PARKING LOT,2015.0,11.0,Sunday,21.0
201500002106035,2015-11-01 21:15:00,ROBBERY,N 47TH AVE & W GLENROSA AVE,85031,STREET / ROADWAY / ALLEY / SIDEWALK,2015.0,11.0,Sunday,21.0
201500002108306,2015-11-01 21:30:00,MOTOR VEHICLE THEFT,900 W HIGHLAND AVE,85013,APARTMENT,2015.0,11.0,Sunday,21.0
201510000015632,2015-11-01 21:58:00,BURGLARY,100 W JONES AVE,85041,SINGLE FAMILY HOUSE,2015.0,11.0,Sunday,21.0
201600001183969,2015-11-01 22:30:00,LARCENY-THEFT,19200 N 20TH DR,85027,SINGLE FAMILY HOUSE,2015.0,11.0,Sunday,22.0
201500002108288,2015-11-01 22:45:00,LARCENY-THEFT,5600 E GELDING DR,85254,SINGLE FAMILY HOUSE,2015.0,11.0,Sunday,22.0
201500002113992,2015-11-01 23:00:00,RAPE,2000 W BETHANY HOME RD,85015,APARTMENT,2015.0,11.0,Sunday,23.0
201500002111976,2015-11-01 23:08:00,MOTOR VEHICLE THEFT,2500 W CACTUS RD,85029,PARKING LOT,2015.0,11.0,Sunday,23.0
201500002106595,2015-11-01 23:25:00,LARCENY-THEFT,1800 W GRANT ST,85007,GAS / SERVICE STATION,2015.0,11.0,Sunday,23.0
201500002107652,2015-11-01 23:59:00,BURGLARY,4200 E CEDARWOOD LN,85048,SINGLE FAMILY HOUSE,2015.0,11.0,Sunday,23.0
201500002240218,2015-11-02 00:00:00,LARCENY-THEFT,4200 W ENCANTO BLVD,85009,SINGLE FAMILY HOUSE,2015.0,11.0,Monday,0.0
201500002116677,2015-11-02 00:00:00,LARCENY-THEFT,6400 W MITCHELL DR,85033,SINGLE FAMILY HOUSE,2015.0,11.0,Monday,0.0
201500002112607,2015-11-02 00:00:00,AGGRAVATED ASSAULT,4500 N 15TH ST,85014,SINGLE FAMILY HOUSE,2015.0,11.0,Monday,0.0
201500002268224,2015-11-02 00:00:00,LARCENY-THEFT,9400 N 9TH AVE,85021,OTHER,2015.0,11.0,Monday,0.0
201500002248887,2015-11-02 00:01:00,LARCENY-THEFT,2800 S 51ST AVE,85043,VEHICLE,2015.0,11.0,Monday,0.0
201500002155310,2015-11-02 00:01:00,LARCENY-THEFT,2500 W AVALON DR,85017,BANK / SAVINGS / CREDIT UNION,2015.0,11.0,Monday,0.0
201500002232956,2015-11-02 00:01:00,BURGLARY,2600 N 31ST ST,85008,SINGLE FAMILY HOUSE,2015.0,11.0,Monday,0.0
201500002115261,2015-11-02 00:01:00,BURGLARY,1800 E WIER AVE,85040,SINGLE FAMILY HOUSE,2015.0,11.0,Monday,0.0
201510000015576,2015-11-02 00:23:00,MOTOR VEHICLE THEFT,2100 E MCKINLEY ST,85006,STREET / ROADWAY / ALLEY / SIDEWALK,2015.0,11.0,Monday,0.0
201500002108965,2015-11-02 00:30:00,LARCENY-THEFT,300 W TURNEY AVE,85013,APARTMENT,2015.0,11.0,Monday,0.0
201500002107709,2015-11-02 01:00:00,LARCENY-THEFT,3600 S 94TH LN,85353,SINGLE FAMILY HOUSE,2015.0,11.0,Monday,1.0
201500002108474,2015-11-02 01:00:00,MOTOR VEHICLE THEFT,17200 N CAVE CREEK RD,85022,APARTMENT,2015.0,11.0,Monday,1.0
201500002109234,2015-11-02 01:00:00,LARCENY-THEFT,200 E ELWOOD ST,85040,SINGLE FAMILY HOUSE,2015.0,11.0,Monday,1.0
201500002137878,2015-11-02 01:00:00,LARCENY-THEFT,9000 S 50TH LN,85339,DRIVEWAY,2015.0,11.0,Monday,1.0
201500002107271,2015-11-02 02:06:00,AGGRAVATED ASSAULT,2800 W CACTUS RD,85029,CONVENIENCE MARKET / STORE,2015.0,11.0,Monday,2.0
201500002107295,2015-11-02 02:18:00,AGGRAVATED ASSAULT,4200 N 27TH AVE,85017,APARTMENT,2015.0,11.0,Monday,2.0
201500002107343,2015-11-02 02:57:00,ROBBERY,6700 W MCDOWELL RD,85035,GAS / SERVICE STATION,2015.0,11.0,Monday,2.0
201500002111615,2015-11-02 03:00:00,LARCENY-THEFT,2600 N 32ND AVE,85009,STREET / ROADWAY / ALLEY / SIDEWALK,2015.0,11.0,Monday,3.0
201500002107355,2015-11-02 03:00:00,LARCENY-THEFT,4000 N 19TH AVE,85015,DEPARTMENT / DISCOUNT STORE,2015.0,11.0,Monday,3.0
201500002120749,2015-11-02 03:00:00,RAPE,00 N 32ND ST,85034,PARKING LOT,2015.0,11.0,Monday,3.0
201500002107357,2015-11-02 03:03:00,BURGLARY,6300 N 12TH ST,85014,GAS / SERVICE STATION,2015.0,11.0,Monday,3.0
201500002108051,2015-11-02 03:33:00,BURGLARY,18600 N CAVE CREEK RD,85024,OTHER,2015.0,11.0,Monday,3.0
201500002107482,2015-11-02 04:15:00,BURGLARY,2300 W GLENDALE AVE,85021,CONVENIENCE MARKET / STORE,2015.0,11.0,Monday,4.0
201500002108060,2015-11-02 05:00:00,LARCENY-THEFT,5300 W ILLINI ST,85043,VEHICLE,2015.0,11.0,Monday,5.0
201500002110260,2015-11-02 05:00:00,BURGLARY,8100 W MARIPOSA DR,85033,SINGLE FAMILY HOUSE,2015.0,11.0,Monday,5.0
201500002107560,2015-11-02 05:15:00,LARCENY-THEFT,2600 W PERSHING AVE,85029,SINGLE FAMILY HOUSE,2015.0,11.0,Monday,5.0
201500002107665,2015-11-02 05:45:00,BURGLARY,700 E HATCHER RD,85020,STOREROOM/SHED (COMMERCIAL),2015.0,11.0,Monday,5.0
201500002107625,2015-11-02 05:55:00,AGGRAVATED ASSAULT,E DUNLAP AVE & N 12TH ST,85020,STREET / ROADWAY / ALLEY / SIDEWALK,2015.0,11.0,Monday,5.0
201500002111590,2015-11-02 06:00:00,BURGLARY,2000 W EARLL DR,85015,SINGLE FAMILY HOUSE,2015.0,11.0,Monday,6.0
201500002210071,2015-11-02 06:00:00,BURGLARY,3000 N 67TH AVE,85033,APARTMENT,2015.0,11.0,Monday,6.0
201500002109221,2015-11-02 06:00:00,MOTOR VEHICLE THEFT,5600 N 17TH AVE,85015,PARKING LOT,2015.0,11.0,Monday,6.0
201500002111106,2015-11-02 06:00:00,LARCENY-THEFT,200 E BELL RD,85022,PARKING LOT,2015.0,11.0,Monday,6.0
201500002109761,2015-11-02 06:00:00,BURGLARY,8000 W GLENROSA AVE,85033,SINGLE FAMILY HOUSE,2015.0,11.0,Monday,6.0
201500002113357,2015-11-02 06:30:00,LARCENY-THEFT,900 E MCDOWELL RD,85006,HOSPITAL,2015.0,11.0,Monday,6.0
201500002110595,2015-11-02 06:35:00,BURGLARY,10200 W FLORENCE AVE,85353,SINGLE FAMILY HOUSE,2015.0,11.0,Monday,6.0
201500002108309,2015-11-02 06:50:00,LARCENY-THEFT,10200 W INDIAN SCHOOL RD,85037,OFFICE / COMMERCIAL BUILDING,2015.0,11.0,Monday,6.0
201500002107784,2015-11-02 06:55:00,ROBBERY,2100 W HAZELWOOD ST,85015,STREET / ROADWAY / ALLEY / SIDEWALK,2015.0,11.0,Monday,6.0
201500002108890,2015-11-02 07:00:00,BURGLARY,7000 W CYPRESS ST,85035,SINGLE FAMILY HOUSE,2015.0,11.0,Monday,7.0
201580008448,2015-11-02 07:18:00,LARCENY-THEFT,17200 N 7TH ST,85022,PARKING LOT,2015.0,11.0,Monday,7.0
201500002107835,2015-11-02 07:24:00,DRUG OFFENSE,17600 N CAVE CREEK RD,85022,VEHICLE,2015.0,11.0,Monday,7.0
201500002115117,2015-11-02 07:45:00,LARCENY-THEFT,100 N 5TH ST,85004,PARKING GARAGE,2015.0,11.0,Monday,7.0
201500002110411,2015-11-02 08:00:00,BURGLARY,21200 N 30TH AVE,85027,SINGLE FAMILY HOUSE,2015.0,11.0,Monday,8.0
201500002207021,2015-11-02 08:00:00,LARCENY-THEFT,7400 W CATALINA DR,85033,SCHOOL-COLLEGE/UNIVERSITY,2015.0,11.0,Monday,8.0
201500002145166,2015-11-02 08:00:00,BURGLARY,800 W GEORGIA AVE,85013,SINGLE FAMILY HOUSE,2015.0,11.0,Monday,8.0
201500002111410,2015-11-02 08:00:00,BURGLARY,16000 N 25TH ST,85032,APARTMENT,2015.0,11.0,Monday,8.0
201500002351856,2015-11-02 08:00:00,LARCENY-THEFT,6000 W THOMAS RD,85035,FENCED COMMERCIAL YARD,2015.0,11.0,Monday,8.0
201500002111551,2015-11-02 08:00:00,BURGLARY,6200 W CLARENDON AVE,85033,SINGLE FAMILY HOUSE,2015.0,11.0,Monday,8.0
201500002109269,2015-11-02 08:15:00,LARCENY-THEFT,800 N 52ND AVE,85043,OFFICE / COMMERCIAL BUILDING,2015.0,11.0,Monday,8.0
201500002113116,2015-11-02 08:30:00,MOTOR VEHICLE THEFT,7700 W DEVONSHIRE AVE,85033,STREET / ROADWAY / ALLEY / SIDEWALK,2015.0,11.0,Monday,8.0
201500002112900,2015-11-02 08:30:00,BURGLARY,1500 W PIERSON ST,85015,APARTMENT,2015.0,11.0,Monday,8.0
201500002129518,2015-11-02 08:30:00,BURGLARY,1300 E PIERCE ST,85006,SINGLE FAMILY HOUSE,2015.0,11.0,Monday,8.0
201500002110856,2015-11-02 08:30:00,BURGLARY,7200 W MCDOWELL RD,85043,APARTMENT,2015.0,11.0,Monday,8.0
201500002164493,2015-11-02 09:00:00,AGGRAVATED ASSAULT,1200 E TOWNLEY AVE,85020,SINGLE FAMILY HOUSE,2015.0,11.0,Monday,9.0
201500002108368,2015-11-02 09:02:00,DRUG OFFENSE,3100 N 20TH ST,85016,,2015.0,11.0,Monday,9.0
201500002108887,2015-11-02 09:15:00,LARCENY-THEFT,5600 N 19TH AVE,85015,LIGHT RAIL,2015.0,11.0,Monday,9.0
201500002109004,2015-11-02 09:30:00,BURGLARY,1200 E HIGHLAND AVE,85014,APARTMENT,2015.0,11.0,Monday,9.0
201500002108687,2015-11-02 09:51:00,DRUG OFFENSE,600 E HEARN RD,85022,VEHICLE,2015.0,11.0,Monday,9.0
201500002110009,2015-11-02 10:00:00,LARCENY-THEFT,3900 W SHERIDAN ST,85009,SINGLE FAMILY HOUSE,2015.0,11.0,Monday,10.0
201500002110177,2015-11-02 10:00:00,BURGLARY,2900 W LAWRENCE LN,85051,SINGLE FAMILY HOUSE,2015.0,11.0,Monday,10.0
201500002109104,2015-11-02 10:30:00,LARCENY-THEFT,2300 W BETHANY HOME RD,85015,MEDICAL OFFICE,2015.0,11.0,Monday,10.0
201500002110047,2015-11-02 10:40:00,LARCENY-THEFT,7300 W THOMAS RD,85035,PARKING LOT,2015.0,11.0,Monday,10.0
201500002169070,2015-11-02 11:05:00,BURGLARY,8800 W SELLS DR,85037,SINGLE FAMILY HOUSE,2015.0,11.0,Monday,11.0
201500002109319,2015-11-02 11:41:00,LARCENY-THEFT,1700 W BETHANY HOME RD,85015,RETAIL BUSINESS,2015.0,11.0,Monday,11.0
201500002111072,2015-11-02 12:00:00,BURGLARY,4300 N 75TH AVE,85033,SINGLE FAMILY HOUSE,2015.0,11.0,Monday,12.0
201500002420501,2015-11-02 12:00:00,LARCENY-THEFT,3300 E MCDOWELL RD,85008,RETAIL BUSINESS,2015.0,11.0,Monday,12.0
201500002109715,2015-11-02 12:00:00,LARCENY-THEFT,S CENTRAL AVE & W SOUTHERN AVE,85041,PARKING LOT,2015.0,11.0,Monday,12.0
201500002116911,2015-11-02 12:00:00,MOTOR VEHICLE THEFT,2000 N 51ST ST,85008,APARTMENT,2015.0,11.0,Monday,12.0
201500002151801,2015-11-02 12:00:00,LARCENY-THEFT,6900 W MCDOWELL RD,85043,APARTMENT,2015.0,11.0,Monday,12.0
201500002109497,2015-11-02 12:00:00,DRUG OFFENSE,1600 S 16TH ST,85034,SCHOOL-COLLEGE/UNIVERSITY,2015.0,11.0,Monday,12.0
201580009142,2015-11-02 12:17:00,LARCENY-THEFT,2300 W CARTER RD,85041,SINGLE FAMILY HOUSING,2015.0,11.0,Monday,12.0
201500002108383,2015-11-02 12:30:00,LARCENY-THEFT,2500 W SURREY AVE,85029,SINGLE FAMILY HOUSE,2015.0,11.0,Monday,12.0
201500002111349,2015-11-02 12:45:00,LARCENY-THEFT,9600 N METRO PKWY W,85051,PARKING LOT,2015.0,11.0,Monday,12.0
201500002110215,2015-11-02 12:50:00,DRUG OFFENSE,4200 E ANDORA DR,85032,SCHOOL-OTHER,2015.0,11.0,Monday,12.0
201500002110129,2015-11-02 13:00:00,LARCENY-THEFT,5200 W INDIAN SCHOOL RD,85031,RETAIL BUSINESS,2015.0,11.0,Monday,13.0
201500002161235,2015-11-02 13:25:00,LARCENY-THEFT,2900 W THUNDERBIRD RD,85029,RETAIL BUSINESS,2015.0,11.0,Monday,13.0
201500002110139,2015-11-02 13:43:00,LARCENY-THEFT,5700 N 19TH AVE,85015,DEPARTMENT / DISCOUNT STORE,2015.0,11.0,Monday,13.0
201500002150102,2015-11-02 13:45:00,LARCENY-THEFT,300 E THOMAS RD,85012,HOSPITAL,2015.0,11.0,Monday,13.0
201500002110212,2015-11-02 13:55:00,AGGRAVATED ASSAULT,E ROOSEVELT ST & N 16TH ST,85006,STREET / ROADWAY / ALLEY / SIDEWALK,2015.0,11.0,Monday,13.0
201600000323690,2015-11-02 13:59:00,BURGLARY,5400 W MALDONADO RD,85339,SINGLE FAMILY HOUSE,2015.0,11.0,Monday,13.0
201500002111416,2015-11-02 14:00:00,LARCENY-THEFT,4600 S 7TH ST,85040,PARKING LOT,2015.0,11.0,Monday,14.0
201500002121397,2015-11-02 14:00:00,LARCENY-THEFT,6700 W WINDSOR AVE,85035,SINGLE FAMILY HOUSE,2015.0,11.0,Monday,14.0
201500002110264,2015-11-02 14:02:00,LARCENY-THEFT,6000 S CENTRAL AVE,85042,RETAIL BUSINESS,2015.0,11.0,Monday,14.0
201500002110338,2015-11-02 14:15:00,DRUG OFFENSE,1700 W BETHANY HOME RD,85015,RETAIL BUSINESS,2015.0,11.0,Monday,14.0
201500002110430,2015-11-02 14:20:00,LARCENY-THEFT,4000 E CHANDLER BLVD,85048,GROCERY / SUPER MARKET,2015.0,11.0,Monday,14.0
201500002110415,2015-11-02 14:27:00,LARCENY-THEFT,1800 W BELL RD,85023,RETAIL BUSINESS,2015.0,11.0,Monday,14.0
201500002114816,2015-11-02 14:30:00,BURGLARY,4000 E THUNDERBIRD RD,85032,CONSTRUCTION SITE,2015.0,11.0,Monday,14.0
201500002114707,2015-11-02 14:30:00,BURGLARY,1600 S 35TH AVE,85009,WAREHOUSE / FACTORY,2015.0,11.0,Monday,14.0
201500002110383,2015-11-02 14:37:00,LARCENY-THEFT,4800 E CACTUS RD,85254,CHILD CARE / DAY CARE,2015.0,11.0,Monday,14.0
201500002110561,,ROBBERY,4100 W BASELINE RD,85041,STREET / ROADWAY / ALLEY / SIDEWALK,,,,
201500002110626,2015-11-02 14:55:00,AGGRAVATED ASSAULT,3200 W INDIAN SCHOOL RD,85017,PARKING LOT,2015.0,11.0,Monday,14.0
201500002110649,2015-11-02 14:59:00,LARCENY-THEFT,2500 W HAPPY VALLEY RD,85085,RETAIL BUSINESS,2015.0,11.0,Monday,14.0
201510000015837,2015-11-02 15:00:00,LARCENY-THEFT,14000 N 24TH AVE,85023,DRIVEWAY,2015.0,11.0,Monday,15.0
201500002111011,2015-11-02 15:00:00,LARCENY-THEFT,3500 W CAMELBACK RD,85019,DRUG STORE,2015.0,11.0,Monday,15.0
201500002133413,2015-11-02 15:00:00,LARCENY-THEFT,7200 W DONNER DR,85339,VEHICLE,2015.0,11.0,Monday,15.0
201500002111131,2015-11-02 15:00:00,LARCENY-THEFT,4600 E BELL RD,85032,RETAIL BUSINESS,2015.0,11.0,Monday,15.0
201500002124437,2015-11-02 15:00:00,MOTOR VEHICLE THEFT,2400 W MCDOWELL RD,85009,PARKING LOT,2015.0,11.0,Monday,15.0
201500002111464,2015-11-02 15:00:00,LARCENY-THEFT,13800 N SCOTTSDALE RD,85254,RETAIL BUSINESS,2015.0,11.0,Monday,15.0
201500002114624,2015-11-02 15:00:00,MOTOR VEHICLE THEFT,4100 W OSBORN RD,85019,APARTMENT,2015.0,11.0,Monday,15.0
201500002110742,2015-11-02 15:12:00,DRUG OFFENSE,7000 N 19TH AVE,85021,PARKING LOT,2015.0,11.0,Monday,15.0
201500002111129,2015-11-02 15:28:00,LARCENY-THEFT,3200 E GREENWAY RD,85032,RESTAURANT,2015.0,11.0,Monday,15.0
201500002113164,2015-11-02 15:30:00,BURGLARY,8300 W CAMELBACK RD,85037,CONVENIENCE MARKET / STORE,2015.0,11.0,Monday,15.0
201500002111262,2015-11-02 15:30:00,BURGLARY,10500 W MAGNOLIA ST,85353,SINGLE FAMILY HOUSE,2015.0,11.0,Monday,15.0
201500002114696,2015-11-02 15:30:00,BURGLARY,9300 W JONES AVE,85353,SINGLE FAMILY HOUSE,2015.0,11.0,Monday,15.0
201500002114673,2015-11-02 15:30:00,BURGLARY,3300 E SOUTHERN AVE,85042,FENCED COMMERCIAL YARD,2015.0,11.0,Monday,15.0
201500002110945,2015-11-02 15:36:00,LARCENY-THEFT,4700 E RAY RD,85044,DEPARTMENT / DISCOUNT STORE,2015.0,11.0,Monday,15.0
201500002110997,2015-11-02 15:40:00,LARCENY-THEFT,9900 W CAMELBACK RD,85037,RETAIL BUSINESS,2015.0,11.0,Monday,15.0
201500002111046,2015-11-02 15:55:00,LARCENY-THEFT,4000 N 44TH AVE,85031,PARKING LOT,2015.0,11.0,Monday,15.0
201500002113260,2015-11-02 16:00:00,ROBBERY,1500 W GLENDALE AVE,85021,STREET / ROADWAY / ALLEY / SIDEWALK,2015.0,11.0,Monday,16.0
201500002213672,2015-11-02 16:00:00,BURGLARY,1200 N 40TH ST,85008,APARTMENT,2015.0,11.0,Monday,16.0
201500002111197,2015-11-02 16:10:00,LARCENY-THEFT,7300 W INDIAN SCHOOL RD,85033,RETAIL BUSINESS,2015.0,11.0,Monday,16.0
201500002111263,2015-11-02 16:19:00,LARCENY-THEFT,6500 W THOMAS RD,85033,GROCERY / SUPER MARKET,2015.0,11.0,Monday,16.0
201500002111271,2015-11-02 16:19:00,LARCENY-THEFT,2500 W HAPPY VALLEY RD,85085,DEPARTMENT / DISCOUNT STORE,2015.0,11.0,Monday,16.0
201500002111361,2015-11-02 16:25:00,LARCENY-THEFT,4500 E THOMAS RD,85008,RETAIL BUSINESS,2015.0,11.0,Monday,16.0
201500002111665,2015-11-02 16:45:00,LARCENY-THEFT,1800 E CAMELBACK RD,85016,RETAIL BUSINESS,2015.0,11.0,Monday,16.0
201500002111497,2015-11-02 16:47:00,LARCENY-THEFT,2400 E UNION HILLS DR,85032,RETAIL BUSINESS,2015.0,11.0,Monday,16.0
201500002132194,,BURGLARY,3200 E ROOSEVELT ST,85008,APARTMENT,,,,
201680001647,2015-11-02 17:00:00,LARCENY-THEFT,3400 E SKY HARBOR BLVD,85034,AIRPORT,2015.0,11.0,Monday,17.0
201500002116924,2015-11-02 17:30:00,LARCENY-THEFT,5100 W MCDOWELL RD,85043,PARK / PLAYGROUND,2015.0,11.0,Monday,17.0
201500002111923,2015-11-02 17:38:00,AGGRAVATED ASSAULT,1400 E CHIPMAN RD,85040,STREET / ROADWAY / ALLEY / SIDEWALK,2015.0,11.0,Monday,17.0
201500002112133,2015-11-02 17:59:00,LARCENY-THEFT,1800 W BELL RD,85023,RETAIL BUSINESS,2015.0,11.0,Monday,17.0
201500002115509,2015-11-02 18:00:00,MOTOR VEHICLE THEFT,10500 W TORONTO WAY,85353,DRIVEWAY,2015.0,11.0,Monday,18.0
201500002115964,2015-11-02 18:00:00,MOTOR VEHICLE THEFT,4000 W OSBORN RD,85019,APARTMENT,2015.0,11.0,Monday,18.0
201500002114651,2015-11-02 18:00:00,BURGLARY,900 W IRONWOOD DR,85021,VEHICLE,2015.0,11.0,Monday,18.0
201500002119668,2015-11-02 18:00:00,LARCENY-THEFT,3100 N 65TH DR,85033,SINGLE FAMILY HOUSE,2015.0,11.0,Monday,18.0
201500002114670,2015-11-02 18:00:00,BURGLARY,10200 W INDIAN SCHOOL RD,85037,MEDICAL OFFICE,2015.0,11.0,Monday,18.0
201500002112216,2015-11-02 18:03:00,LARCENY-THEFT,1600 W BETHANY HOME RD,85015,RETAIL BUSINESS,2015.0,11.0,Monday,18.0
201500002112958,2015-11-02 18:10:00,LARCENY-THEFT,6500 S 41ST LN,85041,BUS,2015.0,11.0,Monday,18.0
201500002112524,2015-11-02 18:20:00,LARCENY-THEFT,5700 N 19TH AVE,85015,RETAIL BUSINESS,2015.0,11.0,Monday,18.0
201500002112365,2015-11-02 18:25:00,RAPE,3100 W SAHUARO DR,85029,APARTMENT,2015.0,11.0,Monday,18.0
201500002184926,2015-11-02 18:30:00,LARCENY-THEFT,2300 W GLENROSA AVE,85015,PARKING LOT,2015.0,11.0,Monday,18.0
201500002114548,2015-11-02 18:30:00,MOTOR VEHICLE THEFT,3700 W MCDOWELL RD,85009,APARTMENT,2015.0,11.0,Monday,18.0
201500002112433,2015-11-02 18:40:00,LARCENY-THEFT,4300 W MCDOWELL RD,85043,CONVENIENCE MARKET / STORE,2015.0,11.0,Monday,18.0
201500002112553,2015-11-02 18:56:00,AGGRAVATED ASSAULT,2500 W CAMELBACK RD,85017,STREET / ROADWAY / ALLEY / SIDEWALK,2015.0,11.0,Monday,18.0
201500002112766,2015-11-02 19:27:00,DRUG OFFENSE,2300 W CACTUS RD,85029,STREET / ROADWAY / ALLEY / SIDEWALK,2015.0,11.0,Monday,19.0
201500002112845,2015-11-02 19:36:00,ARSON,1000 N 48TH ST,85008,MOBILE HOME,2015.0,11.0,Monday,19.0
201500002117377,2015-11-02 20:00:00,LARCENY-THEFT,4200 N 31ST DR,85017,PARKING LOT,2015.0,11.0,Monday,20.0
201500002113029,2015-11-02 20:00:00,AGGRAVATED ASSAULT,4300 N 23RD AVE,85015,PARKING LOT,2015.0,11.0,Monday,20.0
201500002114629,2015-11-02 20:00:00,LARCENY-THEFT,4000 E RANCHO DR,85018,SINGLE FAMILY HOUSE,2015.0,11.0,Monday,20.0
201500002113091,2015-11-02 20:10:00,LARCENY-THEFT,5200 W INDIAN SCHOOL RD,85031,RETAIL BUSINESS,2015.0,11.0,Monday,20.0
201500002113084,2015-11-02 20:12:00,AGGRAVATED ASSAULT,300 W RIVERSIDE ST,85041,SINGLE FAMILY HOUSE,2015.0,11.0,Monday,20.0
201500002114757,2015-11-02 20:15:00,MOTOR VEHICLE THEFT,1400 E ORANGEWOOD AVE,85020,APARTMENT,2015.0,11.0,Monday,20.0
201500002113344,2015-11-02 20:25:00,ROBBERY,500 E BASELINE RD,85042,PARKING LOT,2015.0,11.0,Monday,20.0
201500002113444,2015-11-02 20:30:00,DRUG OFFENSE,1100 N 49TH ST,85008,STREET / ROADWAY / ALLEY / SIDEWALK,2015.0,11.0,Monday,20.0
201500002113604,2015-11-02 20:30:00,LARCENY-THEFT,6100 N 35TH AVE,85017,DEPARTMENT / DISCOUNT STORE,2015.0,11.0,Monday,20.0
201500002113284,2015-11-02 20:45:00,LARCENY-THEFT,5700 N 19TH AVE,85015,RETAIL BUSINESS,2015.0,11.0,Monday,20.0
201500002113341,2015-11-02 20:45:00,LARCENY-THEFT,700 W CAMELBACK RD,85013,GROCERY / SUPER MARKET,2015.0,11.0,Monday,20.0
201500002132923,2015-11-02 20:55:00,LARCENY-THEFT,2700 N 91ST AVE,85037,RESTAURANT,2015.0,11.0,Monday,20.0
201500002130854,2015-11-02 21:00:00,BURGLARY,7000 W INDIAN SCHOOL RD,85033,APARTMENT,2015.0,11.0,Monday,21.0
201500002115091,2015-11-02 21:00:00,LARCENY-THEFT,2900 N GREENFIELD RD,85016,STREET / ROADWAY / ALLEY / SIDEWALK,2015.0,11.0,Monday,21.0
201500002114644,2015-11-02 21:00:00,MOTOR VEHICLE THEFT,1000 W HELENA DR,85023,APARTMENT,2015.0,11.0,Monday,21.0
201500002115462,2015-11-02 21:00:00,BURGLARY,30800 N 42ND PL,85331,SINGLE FAMILY HOUSE,2015.0,11.0,Monday,21.0
201500002113962,2015-11-02 21:30:00,RAPE,5400 E WASHINGTON ST,85034,APARTMENT,2015.0,11.0,Monday,21.0
201500002117295,2015-11-02 21:30:00,LARCENY-THEFT,2900 W MANDALAY LN,85053,DRIVEWAY,2015.0,11.0,Monday,21.0
201500002114933,2015-11-02 21:30:00,MOTOR VEHICLE THEFT,4100 W GLENDALE AVE,85019,,2015.0,11.0,Monday,21.0
201500002113592,2015-11-02 21:57:00,BURGLARY,13800 N TATUM BLVD,85254,GAS / SERVICE STATION,2015.0,11.0,Monday,21.0
201500002115182,2015-11-02 22:00:00,BURGLARY,5000 E LIBBY ST,85254,SINGLE FAMILY HOUSE,2015.0,11.0,Monday,22.0
201500002115004,2015-11-02 22:00:00,LARCENY-THEFT,1000 E ORAIBI DR,85024,SINGLE FAMILY HOUSE,2015.0,11.0,Monday,22.0
201500002113721,2015-11-02 22:13:00,LARCENY-THEFT,600 E BUCKEYE RD,85034,CONVENIENCE MARKET / STORE,2015.0,11.0,Monday,22.0
201500002114515,2015-11-02 23:30:00,LARCENY-THEFT,800 E CHIPMAN RD,85040,VEHICLE,2015.0,11.0,Monday,23.0
201500002122401,2015-11-02 23:30:00,MOTOR VEHICLE THEFT,17200 N BLACK CANYON FWY,85023,HOTEL / MOTEL,2015.0,11.0,Monday,23.0
201500002117717,2015-11-03 00:00:00,LARCENY-THEFT,2100 E BASELINE RD,85042,RETAIL BUSINESS,2015.0,11.0,Tuesday,0.0
201500002117414,2015-11-03 00:00:00,DRUG OFFENSE,3400 S 67TH AVE,85043,SCHOOL-ELEMENTARY/SECONDARY,2015.0,11.0,Tuesday,0.0
201500002129190,2015-11-03 00:00:00,LARCENY-THEFT,1000 E OSBORN RD,85014,SINGLE FAMILY HOUSE,2015.0,11.0,Tuesday,0.0
201600000536391,2015-11-03 00:00:00,MOTOR VEHICLE THEFT,4800 N 19TH AVE,85015,PARKING LOT,2015.0,11.0,Tuesday,0.0
201500002145806,2015-11-03 00:00:00,ROBBERY,4300 E DARREL RD,85042,SINGLE FAMILY HOUSE,2015.0,11.0,Tuesday,0.0
201500002120590,2015-11-03 00:00:00,DRUG OFFENSE,4000 W BELL RD,85053,RETAIL BUSINESS,2015.0,11.0,Tuesday,0.0
201510000015756,2015-11-03 00:00:00,ARSON,1100 W BELL RD,85023,,2015.0,11.0,Tuesday,0.0
201500002201666,2015-11-03 00:01:00,LARCENY-THEFT,3700 S 71ST DR,85043,BANK / SAVINGS / CREDIT UNION,2015.0,11.0,Tuesday,0.0
201500002158723,2015-11-03 00:01:00,LARCENY-THEFT,5100 N 13TH PL,85014,STREET / ROADWAY / ALLEY / SIDEWALK,2015.0,11.0,Tuesday,0.0
201500002114027,2015-11-03 00:07:00,ROBBERY,N 23RD AVE & W CAMELBACK RD,85015,STREET / ROADWAY / ALLEY / SIDEWALK,2015.0,11.0,Tuesday,0.0
201500002114093,2015-11-03 00:21:00,LARCENY-THEFT,1100 N 51ST AVE,85043,CONVENIENCE MARKET / STORE,2015.0,11.0,Tuesday,0.0
201500002114870,2015-11-03 00:30:00,MOTOR VEHICLE THEFT,1500 N 39TH AVE,85009,APARTMENT,2015.0,11.0,Tuesday,0.0
201500002114458,2015-11-03 01:00:00,LARCENY-THEFT,300 W COCOPAH ST,85003,PARKING LOT,2015.0,11.0,Tuesday,1.0
201500002206958,2015-11-03 01:15:00,LARCENY-THEFT,11000 N 23RD DR,85029,WAREHOUSE / FACTORY,2015.0,11.0,Tuesday,1.0
201500002117020,2015-11-03 01:54:00,LARCENY-THEFT,600 E BUCKEYE RD,85034,CONVENIENCE MARKET / STORE,2015.0,11.0,Tuesday,1.0
201500002116322,2015-11-03 02:00:00,MOTOR VEHICLE THEFT,3700 W BUCKEYE RD,85009,SINGLE FAMILY HOUSE,2015.0,11.0,Tuesday,2.0
201500002114292,2015-11-03 02:00:00,BURGLARY,4500 E OAK ST,85008,WAREHOUSE / FACTORY,2015.0,11.0,Tuesday,2.0
201500002114300,2015-11-03 02:14:00,AGGRAVATED ASSAULT,1800 N 32ND ST,85008,APARTMENT,2015.0,11.0,Tuesday,2.0
201500002114336,2015-11-03 02:20:00,AGGRAVATED ASSAULT,4100 E CANNON DR,85028,SINGLE FAMILY HOUSE,2015.0,11.0,Tuesday,2.0
201500002135426,2015-11-03 02:30:00,MOTOR VEHICLE THEFT,10400 N BLACK CANYON FWY,85051,,2015.0,11.0,Tuesday,2.0
201500002114395,2015-11-03 02:40:00,MOTOR VEHICLE THEFT,6400 W VAN BUREN ST,85043,PARKING LOT,2015.0,11.0,Tuesday,2.0
201500002117953,2015-11-03 03:00:00,RAPE,8100 N 40TH AVE,85051,SINGLE FAMILY HOUSE,2015.0,11.0,Tuesday,3.0
201500002114382,2015-11-03 03:10:00,BURGLARY,4100 N 27TH AVE,85017,OFFICE / COMMERCIAL BUILDING,2015.0,11.0,Tuesday,3.0
201500002116845,2015-11-03 03:35:00,LARCENY-THEFT,5100 E LIBBY ST,85254,VEHICLE,2015.0,11.0,Tuesday,3.0
201500002114850,2015-11-03 04:00:00,MOTOR VEHICLE THEFT,5300 W CAMBRIDGE AVE,85035,SINGLE FAMILY HOUSE,2015.0,11.0,Tuesday,4.0
201500002118630,2015-11-03 04:30:00,BURGLARY,2200 W CHEERY LYNN RD,85015,SINGLE FAMILY HOUSE,2015.0,11.0,Tuesday,4.0
201500002115218,2015-11-03 04:45:00,BURGLARY,5100 E LIBBY ST,85254,SINGLE FAMILY HOUSE,2015.0,11.0,Tuesday,4.0
201500002113981,2015-11-03 05:00:00,LARCENY-THEFT,4100 N BLACK CANYON AC,85017,STREET / ROADWAY / ALLEY / SIDEWALK,2015.0,11.0,Tuesday,5.0
201500002118324,2015-11-03 05:00:00,MOTOR VEHICLE THEFT,3400 W MARSHALL AVE,85017,STREET / ROADWAY / ALLEY / SIDEWALK,2015.0,11.0,Tuesday,5.0
201500002117967,2015-11-03 05:15:00,BURGLARY,1500 W FAIRMOUNT AVE,85015,SINGLE FAMILY HOUSE,2015.0,11.0,Tuesday,5.0
201500002114918,2015-11-03 05:30:00,BURGLARY,5600 W MCDOWELL RD,85043,APARTMENT,2015.0,11.0,Tuesday,5.0
201500002114664,2015-11-03 06:00:00,ROBBERY,4100 N 27TH AVE,85017,CONVENIENCE MARKET / STORE,2015.0,11.0,Tuesday,6.0
201500002114712,2015-11-03 06:24:00,MOTOR VEHICLE THEFT,4500 N 23RD AVE,85015,PARKING LOT,2015.0,11.0,Tuesday,6.0
201500002122168,2015-11-03 07:00:00,MOTOR VEHICLE THEFT,4600 W AIRE LIBRE AVE,85306,GROCERY / SUPER MARKET,2015.0,11.0,Tuesday,7.0
201500002115130,2015-11-03 07:30:00,LARCENY-THEFT,2400 E VALLEY VIEW DR,85042,PARKING LOT,2015.0,11.0,Tuesday,7.0
201500002117534,2015-11-03 07:50:00,MOTOR VEHICLE THEFT,6200 S 15TH AVE,85041,SCHOOL-ELEMENTARY/SECONDARY,2015.0,11.0,Tuesday,7.0
201500002117968,2015-11-03 07:50:00,BURGLARY,18400 N 12TH PL,85022,SINGLE FAMILY HOUSE,2015.0,11.0,Tuesday,7.0
201500002371280,2015-11-03 08:00:00,LARCENY-THEFT,3100 W SILVER SAGE LN,85083,SINGLE FAMILY HOUSE,2015.0,11.0,Tuesday,8.0
201500002120019,2015-11-03 08:00:00,LARCENY-THEFT,2700 E MINE CREEK RD,85024,PARKING LOT,2015.0,11.0,Tuesday,8.0
201500002116520,2015-11-03 08:00:00,MOTOR VEHICLE THEFT,3600 W THOMAS RD,85009,PARKING LOT,2015.0,11.0,Tuesday,8.0
201500002115102,2015-11-03 08:00:00,LARCENY-THEFT,3100 W INDIAN SCHOOL RD,85017,CONVENIENCE MARKET / STORE,2015.0,11.0,Tuesday,8.0
201500002115432,2015-11-03 08:45:00,ROBBERY,6700 W CLARENDON AVE,85033,STREET / ROADWAY / ALLEY / SIDEWALK,2015.0,11.0,Tuesday,8.0
201500002115406,2015-11-03 08:50:00,LARCENY-THEFT,2000 W WAYLAND RD,85041,DRIVEWAY,2015.0,11.0,Tuesday,8.0
201510000015791,2015-11-03 09:00:00,MOTOR VEHICLE THEFT,1800 N 18TH ST,85006,APARTMENT,2015.0,11.0,Tuesday,9.0
201500002125748,2015-11-03 09:00:00,BURGLARY,1700 S 2ND ST,85004,SINGLE FAMILY HOUSE,2015.0,11.0,Tuesday,9.0
201500002116812,2015-11-03 09:00:00,LARCENY-THEFT,7000 W INDIAN SCHOOL RD,85033,VEHICLE,2015.0,11.0,Tuesday,9.0
201500002119200,2015-11-03 09:30:00,BURGLARY,2500 N 28TH PL,85008,SINGLE FAMILY HOUSE,2015.0,11.0,Tuesday,9.0
201500002116689,2015-11-03 09:30:00,BURGLARY,3400 W DANBURY DR,85053,APARTMENT,2015.0,11.0,Tuesday,9.0
201500002115644,2015-11-03 09:49:00,AGGRAVATED ASSAULT,2500 N 47TH LN,85035,FENCED RESIDENTIAL YARD,2015.0,11.0,Tuesday,9.0
201500002119662,2015-11-03 10:00:00,LARCENY-THEFT,1600 W TAMARISK AVE,85041,STREET / ROADWAY / ALLEY / SIDEWALK,2015.0,11.0,Tuesday,10.0
201500002129720,2015-11-03 10:00:00,LARCENY-THEFT,1000 N 3RD ST,85004,APARTMENT,2015.0,11.0,Tuesday,10.0
201500002115804,2015-11-03 10:21:00,LARCENY-THEFT,6100 N 35TH AVE,85017,RETAIL BUSINESS,2015.0,11.0,Tuesday,10.0
201500002115848,2015-11-03 10:27:00,DRUG OFFENSE,2200 W INDIAN SCHOOL RD,85015,CONVENIENCE MARKET / STORE,2015.0,11.0,Tuesday,10.0
201500002116004,2015-11-03 10:49:00,LARCENY-THEFT,8800 N 7TH ST,85020,SPECIALTY STORE,2015.0,11.0,Tuesday,10.0
201500002116158,2015-11-03 10:50:00,LARCENY-THEFT,6100 S 35TH AVE,85041,PARKING LOT,2015.0,11.0,Tuesday,10.0
201500002118263,2015-11-03 11:00:00,BURGLARY,4200 W LEWIS AVE,85009,SINGLE FAMILY HOUSE,2015.0,11.0,Tuesday,11.0
201500002144421,2015-11-03 11:00:00,BURGLARY,2400 E ALICIA DR,85042,SINGLE FAMILY HOUSE,2015.0,11.0,Tuesday,11.0
201500002123202,2015-11-03 11:00:00,LARCENY-THEFT,19600 N 31ST AVE,85027,VEHICLE,2015.0,11.0,Tuesday,11.0
201500002161621,2015-11-03 11:11:00,LARCENY-THEFT,3000 N 3RD ST,85012,MEDICAL OFFICE,2015.0,11.0,Tuesday,11.0
201500002116217,2015-11-03 11:20:00,DRUG OFFENSE,1700 W THUNDERBIRD RD,85023,SCHOOL-ELEMENTARY/SECONDARY,2015.0,11.0,Tuesday,11.0
201500002116660,2015-11-03 11:30:00,MOTOR VEHICLE THEFT,500 E BASELINE RD,85042,PARKING LOT,2015.0,11.0,Tuesday,11.0
201500002107802,2015-11-03 11:49:00,MOTOR VEHICLE THEFT,3400 E TONTO DR,85044,DRIVEWAY,2015.0,11.0,Tuesday,11.0
201500002116653,2015-11-03 11:50:00,LARCENY-THEFT,10400 S 19TH AVE,85041,VEHICLE,2015.0,11.0,Tuesday,11.0
201600000419856,2015-11-03 12:00:00,LARCENY-THEFT,3800 W CLAREMONT ST,85019,SINGLE FAMILY HOUSE,2015.0,11.0,Tuesday,12.0
201500002117471,2015-11-03 12:00:00,MOTOR VEHICLE THEFT,6700 N 25TH DR,85017,APARTMENT,2015.0,11.0,Tuesday,12.0
201500002116515,2015-11-03 12:10:00,LARCENY-THEFT,6100 S 35TH AVE,85041,RETAIL BUSINESS,2015.0,11.0,Tuesday,12.0
201500002116566,2015-11-03 12:15:00,LARCENY-THEFT,4800 N 83RD AVE,85033,GROCERY / SUPER MARKET,2015.0,11.0,Tuesday,12.0
201500002117650,2015-11-03 12:25:00,LARCENY-THEFT,2300 E EARLL DR,85016,OFFICE / COMMERCIAL BUILDING,2015.0,11.0,Tuesday,12.0
201500002117714,2015-11-03 12:30:00,LARCENY-THEFT,5400 S 7TH ST,85040,SCHOOL-ELEMENTARY/SECONDARY,2015.0,11.0,Tuesday,12.0
201500002117064,2015-11-03 12:30:00,DRUG OFFENSE,4100 N 27TH AVE,85017,PARKING LOT,2015.0,11.0,Tuesday,12.0
201500002117218,2015-11-03 12:45:00,DRUG OFFENSE,8200 S 59TH AVE,85339,SCHOOL-OTHER,2015.0,11.0,Tuesday,12.0
201500002116712,2015-11-03 12:45:00,LARCENY-THEFT,2700 W THUNDERBIRD RD,85053,CONVENIENCE MARKET / STORE,2015.0,11.0,Tuesday,12.0
201500002117065,2015-11-03 12:45:00,DRUG OFFENSE,4100 N 27TH AVE,85017,PARKING LOT,2015.0,11.0,Tuesday,12.0
201500002118262,2015-11-03 12:50:00,BURGLARY,6500 W MONTE VISTA RD,85035,SINGLE FAMILY HOUSE,2015.0,11.0,Tuesday,12.0
201500002116764,2015-11-03 12:52:00,LARCENY-THEFT,6100 S 75TH AVE,85339,RETAIL BUSINESS,2015.0,11.0,Tuesday,12.0
201500002116984,2015-11-03 13:15:00,LARCENY-THEFT,7300 W THOMAS RD,85035,DEPARTMENT / DISCOUNT STORE,2015.0,11.0,Tuesday,13.0
201500002117436,2015-11-03 13:30:00,DRUG OFFENSE,3400 S 67TH AVE,85043,SCHOOL-ELEMENTARY/SECONDARY,2015.0,11.0,Tuesday,13.0
201500002117163,2015-11-03 13:30:00,BURGLARY,7400 W JONES AVE,85043,SINGLE FAMILY HOUSE,2015.0,11.0,Tuesday,13.0
201580008570,2015-11-03 13:47:00,LARCENY-THEFT,4400 S 28TH ST,85040,APARTMENT,2015.0,11.0,Tuesday,13.0
201500002117110,2015-11-03 13:48:00,LARCENY-THEFT,N 19TH AVE & W VAN BUREN ST,85007,BUS,2015.0,11.0,Tuesday,13.0
201500002117144,2015-11-03 13:50:00,LARCENY-THEFT,4200 W MCDOWELL RD,85009,GROCERY / SUPER MARKET,2015.0,11.0,Tuesday,13.0
201500002122894,2015-11-03 14:00:00,LARCENY-THEFT,600 N CENTRAL AVE,85003,STREET / ROADWAY / ALLEY / SIDEWALK,2015.0,11.0,Tuesday,14.0
201500002118152,2015-11-03 14:00:00,MOTOR VEHICLE THEFT,5100 N 99TH AVE,85307,APARTMENT,2015.0,11.0,Tuesday,14.0
201500002123360,2015-11-03 14:00:00,LARCENY-THEFT,8100 N BLACK CANYON FWY,85051,HOTEL / MOTEL,2015.0,11.0,Tuesday,14.0
201510000015941,2015-11-03 14:00:00,DRUG OFFENSE,18400 N 27TH AVE,85053,PARKING LOT,2015.0,11.0,Tuesday,14.0
201500002117252,2015-11-03 14:13:00,MOTOR VEHICLE THEFT,6600 S 22ND ST,85042,CONDO / TOWNHOUSE,2015.0,11.0,Tuesday,14.0
201500002117332,2015-11-03 14:26:00,DRUG OFFENSE,1800 S 7TH ST,85004,STREET / ROADWAY / ALLEY / SIDEWALK,2015.0,11.0,Tuesday,14.0
201500002119844,2015-11-03 14:30:00,BURGLARY,7200 N 34TH AVE,85051,SINGLE FAMILY HOUSE,2015.0,11.0,Tuesday,14.0
201500002117574,2015-11-03 14:46:00,BURGLARY,4700 W BELL RD,85308,SINGLE FAMILY HOUSE,2015.0,11.0,Tuesday,14.0
201500002128396,2015-11-03 14:50:00,AGGRAVATED ASSAULT,10200 W COUNTRY PLACE BLVD,85353,SCHOOL-COLLEGE/UNIVERSITY,2015.0,11.0,Tuesday,14.0
201510000015992,2015-11-03 15:00:00,LARCENY-THEFT,2600 E CACTUS RD,85028,APARTMENT,2015.0,11.0,Tuesday,15.0
201500002120779,2015-11-03 15:00:00,LARCENY-THEFT,9200 N 19TH AVE,85021,APARTMENT,2015.0,11.0,Tuesday,15.0
201500002118261,2015-11-03 15:00:00,LARCENY-THEFT,200 E BETH DR,85042,DRIVEWAY,2015.0,11.0,Tuesday,15.0
201500002132012,2015-11-03 15:00:00,LARCENY-THEFT,14600 N 15TH DR,85023,VEHICLE,2015.0,11.0,Tuesday,15.0
201500002117628,2015-11-03 15:02:00,LARCENY-THEFT,500 E BASELINE RD,85042,RETAIL BUSINESS,2015.0,11.0,Tuesday,15.0
201500002117679,2015-11-03 15:07:00,LARCENY-THEFT,17200 N 19TH AVE,85023,RETAIL BUSINESS,2015.0,11.0,Tuesday,15.0
201500002117948,2015-11-03 15:10:00,LARCENY-THEFT,4800 N 83RD AVE,85033,GROCERY / SUPER MARKET,2015.0,11.0,Tuesday,15.0
201500002121521,2015-11-03 15:15:00,BURGLARY,4200 W BROWN ST,85051,SINGLE FAMILY HOUSE,2015.0,11.0,Tuesday,15.0
201500002201876,2015-11-03 15:34:00,LARCENY-THEFT,5900 W MCDOWELL RD,85035,RETAIL BUSINESS,2015.0,11.0,Tuesday,15.0
201500002117959,2015-11-03 15:40:00,ROBBERY,13800 N 19TH AVE,85023,PARKING LOT,2015.0,11.0,Tuesday,15.0
201500002118864,2015-11-03 15:50:00,LARCENY-THEFT,4300 W BELL RD,85308,PARKING LOT,2015.0,11.0,Tuesday,15.0
201500002118081,2015-11-03 15:55:00,LARCENY-THEFT,10000 N METRO PKWY E,85051,DEPARTMENT / DISCOUNT STORE,2015.0,11.0,Tuesday,15.0
201500002121688,2015-11-03 16:00:00,BURGLARY,2100 W MOUNTAIN VIEW RD,85021,WAREHOUSE / FACTORY,2015.0,11.0,Tuesday,16.0
201500002118140,2015-11-03 16:00:00,ROBBERY,15200 S 50TH ST,85044,HOTEL / MOTEL,2015.0,11.0,Tuesday,16.0
201500002118474,2015-11-03 16:00:00,LARCENY-THEFT,1900 W INDIAN SCHOOL RD,85015,GROCERY / SUPER MARKET,2015.0,11.0,Tuesday,16.0
201500002124863,2015-11-03 16:00:00,ROBBERY,900 W LYNNE LN,85041,PARKING LOT,2015.0,11.0,Tuesday,16.0
201500002066203,2015-11-03 16:00:00,MOTOR VEHICLE THEFT,4600 S 19TH AVE,85041,STREET / ROADWAY / ALLEY / SIDEWALK,2015.0,11.0,Tuesday,16.0
201500002119157,2015-11-03 16:00:00,LARCENY-THEFT,2700 E INDIAN SCHOOL RD,85016,GROCERY / SUPER MARKET,2015.0,11.0,Tuesday,16.0
201500002121981,2015-11-03 16:00:00,MOTOR VEHICLE THEFT,8400 S 6TH AVE,85041,SINGLE FAMILY HOUSE,2015.0,11.0,Tuesday,16.0
201500002125580,2015-11-03 16:00:00,LARCENY-THEFT,4900 W VIRGINIA AVE,85035,DRIVEWAY,2015.0,11.0,Tuesday,16.0
201500002120511,2015-11-03 16:03:00,LARCENY-THEFT,4100 E CHANDLER BLVD,85044,BUS,2015.0,11.0,Tuesday,16.0
201500002118199,2015-11-03 16:13:00,AGGRAVATED ASSAULT,1700 W POLK ST,85007,FENCED RESIDENTIAL YARD,2015.0,11.0,Tuesday,16.0
201680003468,2015-11-03 16:17:00,LARCENY-THEFT,2300 E CAMELBACK RD,85016,OFFICE / COMMERCIAL BUILDING,2015.0,11.0,Tuesday,16.0
201500002119614,2015-11-03 16:21:00,LARCENY-THEFT,6100 N 35TH AVE,85017,RETAIL BUSINESS,2015.0,11.0,Tuesday,16.0
201500002121735,2015-11-03 16:30:00,LARCENY-THEFT,11000 N 22ND AVE,85029,FENCED COMMERCIAL YARD,2015.0,11.0,Tuesday,16.0
201500002118511,2015-11-03 16:40:00,LARCENY-THEFT,2000 N 75TH AVE,85035,RETAIL BUSINESS,2015.0,11.0,Tuesday,16.0
201500002119384,2015-11-03 16:50:00,BURGLARY,3300 W IRONWOOD DR,85051,SINGLE FAMILY HOUSE,2015.0,11.0,Tuesday,16.0
201500002118971,2015-11-03 17:15:00,LARCENY-THEFT,21000 N TATUM BLVD,85054,DEPARTMENT / DISCOUNT STORE,2015.0,11.0,Tuesday,17.0
201500002118699,2015-11-03 17:21:00,AGGRAVATED ASSAULT,E BEARDSLEY RD & N 7TH ST,85024,STREET / ROADWAY / ALLEY / SIDEWALK,2015.0,11.0,Tuesday,17.0
201500002118780,2015-11-03 17:25:00,LARCENY-THEFT,1500 E SOUTHERN AVE,85040,CONVENIENCE MARKET / STORE,2015.0,11.0,Tuesday,17.0
201500002118959,2015-11-03 17:30:00,MOTOR VEHICLE THEFT,4200 W CACTUS RD,85029,PARKING LOT,2015.0,11.0,Tuesday,17.0
201500002126001,2015-11-03 17:30:00,LARCENY-THEFT,19900 N 23RD AVE,85027,APARTMENT,2015.0,11.0,Tuesday,17.0
201500002119739,2015-11-03 17:30:00,LARCENY-THEFT,2200 E MCKINLEY ST,85006,APARTMENT,2015.0,11.0,Tuesday,17.0
201500002118756,2015-11-03 17:31:00,LARCENY-THEFT,5200 W INDIAN SCHOOL RD,85031,GROCERY / SUPER MARKET,2015.0,11.0,Tuesday,17.0
201500002279869,2015-11-03 17:32:00,LARCENY-THEFT,2500 W HAPPY VALLEY RD,85085,DEPARTMENT / DISCOUNT STORE,2015.0,11.0,Tuesday,17.0
201500002118860,2015-11-03 17:35:00,MOTOR VEHICLE THEFT,2300 E WOOD ST,85040,VEHICLE,2015.0,11.0,Tuesday,17.0
201500002118914,2015-11-03 17:40:00,LARCENY-THEFT,4500 E CACTUS RD,85032,DEPARTMENT / DISCOUNT STORE,2015.0,11.0,Tuesday,17.0
201500002118962,2015-11-03 17:40:00,LARCENY-THEFT,4000 E CHANDLER BLVD,85048,OFFICE / COMMERCIAL BUILDING,2015.0,11.0,Tuesday,17.0
201500002118990,2015-11-03 17:48:00,LARCENY-THEFT,6500 W HAPPY VALLEY RD,85083,GROCERY / SUPER MARKET,2015.0,11.0,Tuesday,17.0
201500002118907,2015-11-03 17:49:00,LARCENY-THEFT,6200 S 16TH ST,85042,GROCERY / SUPER MARKET,2015.0,11.0,Tuesday,17.0
201500002119406,2015-11-03 17:51:00,LARCENY-THEFT,6200 S 16TH ST,85042,GROCERY / SUPER MARKET,2015.0,11.0,Tuesday,17.0
201500002121566,2015-11-03 17:56:00,BURGLARY,15800 N 11TH ST,85022,SINGLE FAMILY HOUSE,2015.0,11.0,Tuesday,17.0
201500002121595,2015-11-03 18:00:00,LARCENY-THEFT,3400 W PASEO WAY,85339,VEHICLE,2015.0,11.0,Tuesday,18.0
201500002118972,2015-11-03 18:00:00,DRUG OFFENSE,15700 S 50TH ST,85048,CANAL / RIGHT-OF-WAY,2015.0,11.0,Tuesday,18.0
201500002123017,2015-11-03 18:00:00,LARCENY-THEFT,2100 W PARKSIDE LN,85027,OFFICE / COMMERCIAL BUILDING,2015.0,11.0,Tuesday,18.0
201500002156521,2015-11-03 18:00:00,LARCENY-THEFT,5400 E VAN BUREN ST,85034,CONDO / TOWNHOUSE,2015.0,11.0,Tuesday,18.0
201500002120380,2015-11-03 18:00:00,BURGLARY,2200 E MCKINLEY ST,85006,APARTMENT,2015.0,11.0,Tuesday,18.0
201500002119817,2015-11-03 18:00:00,MOTOR VEHICLE THEFT,2800 E WIER AVE,85040,APARTMENT,2015.0,11.0,Tuesday,18.0
201500002119025,2015-11-03 18:08:00,ROBBERY,E GLENDALE AVE & N 7TH ST,85020,DRUG STORE,2015.0,11.0,Tuesday,18.0
201500002119185,2015-11-03 18:15:00,LARCENY-THEFT,2500 W VAN BUREN ST,85009,SPECIALTY STORE,2015.0,11.0,Tuesday,18.0
201500002121558,2015-11-03 18:30:00,BURGLARY,4000 E BROADWAY RD,85040,RESTAURANT,2015.0,11.0,Tuesday,18.0
201500002119453,2015-11-03 18:40:00,DRUG OFFENSE,4200 W PASADENA AVE,85019,SINGLE FAMILY HOUSE,2015.0,11.0,Tuesday,18.0
201500002121412,2015-11-03 19:00:00,LARCENY-THEFT,9800 S 51ST ST,85044,PARKING LOT,2015.0,11.0,Tuesday,19.0
201500002155520,2015-11-03 19:00:00,MOTOR VEHICLE THEFT,2300 W CARSON RD,85041,THEATRE,2015.0,11.0,Tuesday,19.0
201500002119720,2015-11-03 19:00:00,LARCENY-THEFT,3100 E THOMAS RD,85016,PARKING LOT,2015.0,11.0,Tuesday,19.0
201500002121505,2015-11-03 19:00:00,BURGLARY,3500 W HOPI TRL,85339,SINGLE FAMILY HOUSE,2015.0,11.0,Tuesday,19.0
201500002119563,2015-11-03 19:05:00,DRUG OFFENSE,3400 N CENTRAL AVE,85013,RETAIL BUSINESS,2015.0,11.0,Tuesday,19.0
201500002157102,2015-11-03 19:10:00,BURGLARY,1600 E CAMELBACK RD,85016,RETAIL BUSINESS,2015.0,11.0,Tuesday,19.0
201500002137798,2015-11-03 19:11:00,RAPE,700 W MARIPOSA ST,85013,GARAGE,2015.0,11.0,Tuesday,19.0
201500002119588,2015-11-03 19:27:00,LARCENY-THEFT,1600 W BETHANY HOME RD,85015,RETAIL BUSINESS,2015.0,11.0,Tuesday,19.0
201500002120143,2015-11-03 19:47:00,BURGLARY,3800 N 3RD AVE,85013,CONDO / TOWNHOUSE,2015.0,11.0,Tuesday,19.0
201500002119697,2015-11-03 19:47:00,LARCENY-THEFT,2100 E BASELINE RD,85042,RETAIL BUSINESS,2015.0,11.0,Tuesday,19.0
201500002328015,2015-11-03 20:00:00,RAPE,6100 W MCDOWELL RD,85043,SINGLE FAMILY HOUSE,2015.0,11.0,Tuesday,20.0
201500002121409,2015-11-03 20:00:00,MOTOR VEHICLE THEFT,5100 N 22ND AVE,85015,PARKING LOT,2015.0,11.0,Tuesday,20.0
201500002123729,2015-11-03 20:00:00,MOTOR VEHICLE THEFT,7300 W MEADOWBROOK AVE,85033,SINGLE FAMILY HOUSE,2015.0,11.0,Tuesday,20.0
201500002121618,2015-11-03 20:00:00,LARCENY-THEFT,3400 W PASEO WAY,85339,SINGLE FAMILY HOUSE,2015.0,11.0,Tuesday,20.0
201500002119808,2015-11-03 20:05:00,LARCENY-THEFT,3500 W CAMELBACK RD,85019,RETAIL BUSINESS,2015.0,11.0,Tuesday,20.0
201500002119368,2015-11-03 20:13:00,LARCENY-THEFT,2500 W HAPPY VALLEY RD,85085,RETAIL BUSINESS,2015.0,11.0,Tuesday,20.0
201510000015885,2015-11-03 20:20:00,LARCENY-THEFT,1800 E CAMELBACK RD,85016,DEPARTMENT / DISCOUNT STORE,2015.0,11.0,Tuesday,20.0
201500002119915,2015-11-03 20:24:00,LARCENY-THEFT,3100 E THUNDERBIRD RD,85032,GROCERY / SUPER MARKET,2015.0,11.0,Tuesday,20.0
201500002119996,2015-11-03 20:35:00,LARCENY-THEFT,4500 E CACTUS RD,85032,RETAIL BUSINESS,2015.0,11.0,Tuesday,20.0
201500002121956,2015-11-03 20:50:00,LARCENY-THEFT,2700 W LA SALLE ST,85041,SINGLE FAMILY HOUSE,2015.0,11.0,Tuesday,20.0
201500002120072,2015-11-03 20:51:00,BURGLARY,2500 E CORONA AVE,85040,APARTMENT,2015.0,11.0,Tuesday,20.0
201500001981209,2015-11-03 20:54:00,MOTOR VEHICLE THEFT,4200 N 27TH AVE,85017,APARTMENT,2015.0,11.0,Tuesday,20.0
201500002122159,2015-11-03 21:00:00,MOTOR VEHICLE THEFT,13400 N 44TH ST,85032,APARTMENT,2015.0,11.0,Tuesday,21.0
201500002121712,2015-11-03 21:00:00,MOTOR VEHICLE THEFT,4300 N 53RD LN,85031,APARTMENT,2015.0,11.0,Tuesday,21.0
201500002120908,2015-11-03 21:00:00,BURGLARY,4200 E MCDOWELL RD,85008,APARTMENT,2015.0,11.0,Tuesday,21.0
201580008741,2015-11-03 21:06:00,LARCENY-THEFT,2500 N 24TH ST,85008,HOSPITIAL / NURSING CARE,2015.0,11.0,Tuesday,21.0
201510000015880,2015-11-03 21:20:00,AGGRAVATED ASSAULT,2600 E BEVERLY LN,85032,SINGLE FAMILY HOUSE,2015.0,11.0,Tuesday,21.0
201500002122054,2015-11-03 21:59:00,LARCENY-THEFT,800 S 59TH AVE,85043,FENCED RESIDENTIAL YARD,2015.0,11.0,Tuesday,21.0
201500002120413,2015-11-03 22:00:00,ROBBERY,2700 W SWEETWATER AVE,85029,HOTEL / MOTEL,2015.0,11.0,Tuesday,22.0
201510000015955,2015-11-03 22:00:00,BURGLARY,3900 E BASELINE RD,85042,RESTAURANT,2015.0,11.0,Tuesday,22.0
201500002120433,2015-11-03 22:05:00,LARCENY-THEFT,1600 W BETHANY HOME RD,85015,RETAIL BUSINESS,2015.0,11.0,Tuesday,22.0
201500002125319,2015-11-03 22:30:00,LARCENY-THEFT,4100 E CAMBRIDGE AVE,85008,SINGLE FAMILY HOUSE,2015.0,11.0,Tuesday,22.0
201500002121360,2015-11-03 22:45:00,BURGLARY,5300 W BUCKEYE RD,85043,RESTAURANT,2015.0,11.0,Tuesday,22.0
201500002121895,2015-11-03 23:00:00,LARCENY-THEFT,3400 W LA MIRADA DR,85339,SINGLE FAMILY HOUSE,2015.0,11.0,Tuesday,23.0
201500002120713,2015-11-03 23:00:00,AGGRAVATED ASSAULT,6600 W ENCANTO BLVD,85035,PARK / PLAYGROUND,2015.0,11.0,Tuesday,23.0
201500002127221,2015-11-04 00:00:00,MOTOR VEHICLE THEFT,3900 W POLLACK ST,85041,STREET / ROADWAY / ALLEY / SIDEWALK,2015.0,11.0,Wednesday,0.0
201500002121037,2015-11-04 00:00:00,DRUG OFFENSE,E GREENWAY RD & N 39TH ST,85032,STREET / ROADWAY / ALLEY / SIDEWALK,2015.0,11.0,Wednesday,0.0
